FSA_postal_code,BUILDING RENOVATOR,CLOTHING DROP BOX LOCATION PERMIT,COMMERCIAL PARKING LOT,DRAIN LAYER,DRIVEWAY PAVING CONTRACTOR,DRIVING INSTRUCTOR (V),DRIVING SCHOOL OPERATOR (B),DRIVING SCHOOL OPERATOR (V),EATING ESTABLISHMENT,HAWKER/PEDLAR ON FOOT,HAWKER/PEDLAR WITH MOTOR VEHICLE,HEATING CONTRACTOR,INSULATION INSTALLER,LAUNDRY,LIMOUSINE OWNER,MASTER HEATING INSTALLER,MASTER PLUMBER,MOBILE VENDING (FOOD TRUCK),MOTORIZED REFRESHMENT VEHICLE OWNER,NON-MOTORIZED REFRESHMENT VEHICLE OWNER,PAWN SHOP,PAYDAY LOAN,PERSONAL SERVICES SETTINGS,PLACE OF AMUSEMENT,PLUMBING & HEATING CONTRACTOR,PLUMBING CONTRACTOR,PRECIOUS METAL SHOP,PRIVATE PARKING ENFORCEMENT AGENCY,PUBLIC GARAGE,PUBLIC HALL,RETAIL STORE (FOOD),SECOND HAND SHOP,SMOKE SHOP,TAXICAB BROKER,TAXICAB OWNER,TEMPORARY FIREWORKS VENDOR (OVER 25 KG),TEMPORARY FIREWORKS VENDOR (UNDER 25 KG),TEMPORARY SIGN - A-FRAME,TEMPORARY SIGN - MOBILE,THEATRE,TORONTO TAXICAB OWNER,TOW TRUCK OWNER,BOWLING HOUSE,BUILDING CLEANER,COLLECTOR OF SECOND HAND GOODS,DRIVE-SELF RENTAL OWNER,HOLISTIC CENTRE,PERMANENT FIREWORKS VENDOR,VAPOUR PRODUCT RETAILER,AUCTIONEER,BILLIARD HALL,BODY RUB PARLOUR,CARNIVAL,DRAIN CONTRACTOR,LIMOUSINE SERVICE COMPANY,MOBILE VENDING (ICE CREAM TRUCK),PET SHOP,TEMPORARY MOBILE FIREWORKS VENDOR,ADVERTISING,SWIMMING POOL,SECOND HAND SALVAGE SHOP,SECOND HAND SALVAGE YARD,TEMPORARY LEASE FIREWORKS VENDOR,ADULT ENTERTAINMENT CLUB,BILL DISTRIBUTOR,ENTERTAINMENT ESTABLISHMENT/NIGHTCLUB,HAWKER/PEDLAR WITH PUSH CART,CHIMNEY REPAIRMAN,TAXICAB OPERATOR,TEMPORARY SIGN PROVIDER,SIDEWALK CAFE,SIDEWALK VENDING,TEMPORARY SIGN - GROUND-MOUNTED,PRIVATE TRANSPORTATION COMPANY,CIRCUS,TRANSIENT TRADER,MARKETING DISPLAY,TEMPORARY SIGN - NEW DEVELOPMENT,TEMPORARY SIGN - PORTABLE,CLOTHING DROP BOX OPERATOR,BATH HOUSE,AUTO SERVICE STATION,PEDICAB OWNER,CURBLANE VENDING,CURB LANE CAFE,BOATS FOR HIRE,SHORT TERM RENTAL COMPANY,MOTOR VEHICLE RACING
M1B,80,17,9,1,1,92,7,1,328,17,7,15,1,17,15,12,15,5,10,13,1,1,97,10,2,6,3,2,153,2,278,11,7,2,78,3,2,2,129,2,16,36,0,0,0,0,0,0,0,0,0,0,0,0,0,0,0,0,0,0,0,0,0,0,0,0,0,0,0,0,0,0,0,0,0,0,0,0,0,0,0,0,0,0,0,0,0,0
M1C,85,7,0,1,2,30,0,1,139,2,0,6,0,12,141,15,22,0,4,4,0,0,41,0,1,15,5,0,246,1,129,16,0,0,49,0,3,1,34,0,3,44,1,1,1,3,5,1,1,0,0,0,0,0,0,0,0,0,0,0,0,0,0,0,0,0,0,0,0,0,0,0,0,0,0,0,0,0,0,0,0,0,0,0,0,0,0,0
M1E,109,27,9,1,3,39,6,0,336,10,2,4,0,25,7,12,17,3,4,18,5,6,84,2,2,13,4,1,276,1,322,28,0,0,63,10,2,1,59,0,8,40,0,0,2,6,41,0,2,2,2,4,1,4,1,5,2,6,0,0,0,0,0,0,0,0,0,0,0,0,0,0,0,0,0,0,0,0,0,0,0,0,0,0,0,0,0,0
M1G,51,23,8,0,3,46,5,0,113,8,3,4,0,23,9,6,10,0,1,7,0,1,38,0,0,9,1,0,18,2,166,3,0,0,61,1,8,1,8,0,10,21,0,1,1,0,0,0,0,0,0,0,0,0,1,0,0,0,1,3,0,0,0,0,0,0,0,0,0,0,0,0,0,0,0,0,0,0,0,0,0,0,0,0,0,0,0,0
M1H,44,13,8,0,5,29,10,8,296,2,0,4,1,32,10,8,3,1,2,3,5,6,123,0,1,4,8,0,119,4,358,34,2,5,39,5,2,0,92,1,3,94,1,1,0,1,7,0,1,0,1,0,0,0,1,0,0,7,0,0,1,2,6,0,0,0,0,0,0,0,0,0,0,0,0,0,0,0,0,0,0,0,0,0,0,0,0,0
M1J,54,30,9,2,1,30,4,1,310,14,4,0,0,32,15,0,9,0,5,19,5,8,92,0,0,6,6,0,167,4,391,10,2,2,99,3,1,1,76,1,9,40,3,0,1,5,26,0,0,3,2,0,0,0,1,0,0,6,0,0,0,2,0,1,1,1,1,0,0,0,0,0,0,0,0,0,0,0,0,0,0,0,0,0,0,0,0,0
M1K,106,30,0,2,3,55,16,1,349,11,4,9,0,32,14,7,9,4,24,14,11,5,129,5,1,7,13,1,479,2,342,28,0,1,170,1,10,2,54,0,25,39,6,0,2,12,43,0,1,0,1,1,0,0,0,14,0,4,0,0,1,0,0,0,0,1,0,1,4,1,0,0,0,0,0,0,0,0,0,0,0,0,0,0,0,0,0,0
M1L,96,20,12,4,1,62,10,1,417,8,2,11,0,29,21,6,15,5,50,15,3,4,76,10,2,13,32,2,691,14,376,60,5,8,207,13,0,1,155,3,31,135,0,0,2,20,23,0,1,3,3,0,0,2,4,114,3,11,0,0,1,10,1,1,0,0,1,0,2,1,1,0,0,0,0,0,0,0,0,0,0,0,0,0,0,0,0,0
M1M,110,12,1,2,5,16,13,1,148,5,3,8,0,8,2,9,12,0,7,12,0,0,43,1,2,12,3,1,188,1,103,9,1,0,76,3,0,0,40,0,8,4,0,0,0,1,19,0,3,0,0,0,0,3,0,0,0,7,0,0,0,0,0,0,0,0,0,0,0,0,0,1,0,0,0,0,0,0,0,0,0,0,0,0,0,0,0,0
M1N,90,8,2,2,2,7,1,0,194,0,0,2,0,20,7,3,17,1,4,2,1,1,68,0,1,15,3,0,130,1,187,29,0,2,57,16,0,1,51,0,6,7,0,1,0,0,7,0,0,0,1,0,0,1,3,0,0,0,0,0,0,0,2,0,0,0,0,0,0,0,1,0,0,0,0,0,0,0,0,0,0,0,0,0,0,0,0,0
M1P,70,30,21,1,3,63,17,3,597,8,3,10,1,58,10,6,10,2,7,20,5,8,177,3,1,15,13,2,621,19,592,56,2,6,88,22,3,0,191,6,9,133,2,1,1,23,37,2,2,1,1,0,0,1,2,0,10,0,0,0,3,5,5,0,0,1,0,0,0,1,0,0,0,0,0,0,0,0,0,0,0,0,0,0,0,0,0,0
M1R,83,35,1,0,1,29,9,1,435,7,2,6,0,40,34,10,21,11,22,21,4,8,141,1,3,21,4,3,215,0,456,28,2,3,128,5,1,1,77,0,8,49,3,3,2,19,26,0,3,1,3,0,0,1,4,6,0,11,0,0,3,0,0,0,0,0,1,0,0,0,0,0,1,0,0,0,0,0,0,0,0,0,0,0,0,0,0,0
M1S,100,20,2,0,4,70,62,2,614,5,0,3,0,17,6,4,13,2,12,10,7,0,195,7,4,16,7,6,234,9,514,26,6,0,45,0,0,2,84,0,3,1,0,2,0,32,107,0,1,0,6,0,0,0,2,1,3,8,0,0,0,0,0,1,0,0,0,0,0,1,0,0,0,0,0,0,0,0,0,0,0,0,0,0,0,0,0,0
M1T,52,25,12,0,0,65,16,2,268,7,1,3,0,43,6,3,15,3,7,14,3,4,103,1,0,12,6,0,71,0,274,8,0,0,53,4,0,0,115,0,2,6,0,0,0,10,54,0,0,2,1,1,0,0,0,0,1,6,0,0,0,0,0,0,0,0,0,0,0,0,0,0,0,0,0,0,0,0,0,0,0,0,0,0,0,0,0,0
M1V,139,24,2,1,10,94,14,0,865,5,0,14,0,17,6,8,8,5,5,6,3,1,213,7,5,11,2,3,169,6,655,12,1,3,56,5,2,2,71,3,1,59,0,0,0,5,132,0,2,1,2,3,1,2,0,0,6,0,0,0,0,0,0,0,0,0,0,0,0,0,0,0,0,1,0,0,0,0,0,0,0,0,0,0,0,0,0,0
M1W,71,16,3,1,3,60,8,1,229,3,3,5,0,34,8,4,16,2,8,8,1,2,62,1,3,11,4,0,48,3,251,3,3,0,79,0,2,0,45,0,3,17,0,0,0,1,22,0,0,1,0,0,1,0,0,0,0,0,0,0,0,0,0,0,0,0,0,0,0,1,0,0,0,0,2,1,0,0,0,0,0,0,0,0,0,0,0,0
M1X,31,3,0,0,3,28,3,0,61,1,0,9,0,8,4,4,1,1,5,1,14,0,43,3,6,5,8,2,40,6,67,6,1,0,33,0,0,1,7,0,1,83,0,0,1,1,0,0,1,0,0,0,0,0,0,0,0,0,0,0,0,3,0,0,0,0,0,0,0,0,0,0,0,0,0,0,0,0,0,0,0,0,0,0,0,0,0,0
M2B,0,0,0,0,0,0,0,0,0,0,0,0,0,0,0,0,0,0,0,0,0,0,0,0,0,0,0,0,0,0,0,0,0,0,1,0,0,0,0,0,0,0,0,0,0,0,0,0,0,0,0,0,0,0,0,0,0,0,0,0,0,0,0,0,0,0,0,0,0,0,0,0,0,0,0,0,0,0,0,0,0,0,0,0,0,0,0,0
M2G,0,0,0,0,0,0,0,0,1,0,0,0,0,0,0,0,0,0,0,0,0,0,0,0,0,0,0,0,0,0,0,0,0,0,0,0,0,0,0,0,0,0,0,0,0,0,0,0,0,0,0,0,0,0,0,0,0,0,0,0,0,0,0,0,0,0,0,0,0,0,1,0,0,0,0,0,0,0,0,0,0,0,0,0,0,0,0,0
M2H,40,2,13,0,0,45,4,0,214,5,1,3,0,11,66,5,9,1,2,2,0,0,29,1,1,8,0,2,13,0,104,3,0,0,38,0,0,1,30,0,1,1,0,0,0,0,8,0,0,4,0,5,0,0,1,0,0,1,0,0,0,0,0,0,0,0,0,0,0,0,0,0,0,0,0,0,0,0,0,0,0,0,0,0,0,0,0,0
M2J,84,35,34,1,5,53,12,3,434,10,1,10,0,27,19,12,18,0,5,7,0,1,80,4,2,19,3,4,48,6,293,17,8,0,127,0,1,1,62,3,3,23,0,2,0,3,19,0,0,2,3,0,0,0,5,0,1,2,0,0,0,0,0,0,0,0,0,0,0,0,0,2,0,0,0,0,0,0,0,0,0,0,0,0,0,0,0,0
M2K,21,9,14,1,0,11,4,0,123,3,0,1,0,15,1,6,8,1,2,1,1,0,42,0,1,4,0,3,35,3,119,2,7,0,25,0,0,0,11,2,1,0,0,0,0,0,12,0,0,1,0,0,0,0,0,0,0,9,0,0,0,0,0,0,0,0,0,0,0,1,0,0,0,0,0,0,0,0,0,0,0,0,0,0,0,0,0,0
M2L,16,8,0,0,0,0,0,0,33,1,0,0,0,0,0,2,7,0,0,1,0,0,9,0,0,4,0,0,0,3,24,1,2,0,13,0,0,2,11,0,0,0,0,0,0,0,0,0,0,0,0,0,0,0,0,0,0,0,0,0,0,0,0,0,0,0,0,1,0,0,0,0,0,0,0,0,0,0,0,0,0,0,0,0,0,0,0,0
M2M,57,12,11,8,5,21,16,2,409,8,1,3,1,18,3,10,24,5,4,6,2,0,127,9,2,25,15,3,32,1,220,30,10,0,44,0,0,0,8,0,3,14,3,0,0,5,38,0,3,3,2,0,0,4,0,0,0,11,0,0,0,0,0,0,0,0,0,0,0,0,1,1,0,0,0,0,0,0,0,0,0,0,0,0,0,0,0,0
M2N,88,19,71,3,4,29,15,28,942,3,0,2,0,27,2,6,18,3,6,13,4,3,292,18,3,9,4,6,31,1,560,20,18,0,68,0,0,6,12,6,2,34,0,0,2,11,123,0,7,0,5,0,0,2,0,0,6,0,0,0,0,0,0,0,0,2,0,0,0,0,2,7,0,1,0,0,1,11,1,0,0,0,0,0,0,0,0,0
M2P,9,1,15,0,0,3,0,0,36,1,0,0,0,1,0,0,0,0,0,2,0,0,4,0,0,0,0,0,5,0,27,0,0,0,12,0,1,0,6,0,1,1,0,0,0,0,0,0,0,1,0,0,0,0,0,0,0,0,0,0,0,0,0,0,0,0,0,0,1,0,0,0,0,0,0,0,0,0,0,0,0,0,0,0,0,0,0,0
M2R,84,38,5,1,1,37,6,5,98,6,2,1,0,8,7,2,22,2,3,9,0,1,40,0,1,15,0,0,14,2,121,5,1,0,174,0,1,0,9,0,1,5,0,0,1,0,11,0,0,2,0,0,0,0,2,0,0,9,0,0,0,0,1,0,0,0,0,0,0,0,1,0,0,0,0,0,0,0,0,1,0,0,0,0,0,0,0,0
M2S,0,0,0,0,0,0,0,0,0,0,0,0,0,0,0,0,0,0,0,0,0,0,0,0,0,0,0,0,0,0,1,0,0,0,0,0,0,0,0,0,0,0,0,1,0,0,1,0,0,0,0,0,0,0,0,0,0,0,0,0,0,0,0,0,0,0,0,0,0,0,0,0,0,0,0,0,0,0,0,0,0,0,0,0,0,0,0,0
M3A,63,18,8,1,0,21,1,0,84,2,0,6,1,5,9,6,8,1,2,11,0,1,27,0,0,8,1,1,26,0,79,1,2,0,50,0,0,0,15,0,7,3,0,0,1,2,35,0,0,0,0,0,0,1,1,0,0,0,0,0,0,0,0,0,0,0,0,0,0,0,0,1,0,0,0,0,0,0,0,0,0,0,0,0,0,0,0,0
M3B,31,3,14,2,2,2,2,1,280,0,0,3,0,11,8,4,1,0,0,1,0,0,43,2,0,2,0,2,16,1,88,8,4,0,47,0,0,0,44,0,0,5,0,0,0,8,1,0,0,1,3,0,0,2,2,0,0,0,0,0,0,0,0,0,0,0,1,0,0,0,0,1,0,0,0,0,0,0,0,0,0,0,0,0,0,0,0,0
M3C,49,21,31,0,1,48,3,1,318,11,9,0,0,12,20,1,9,1,2,13,0,1,56,6,1,6,0,2,34,5,188,6,8,11,115,0,0,0,39,1,18,14,0,1,1,1,7,0,3,1,0,0,0,1,2,0,0,2,0,0,0,0,0,0,0,0,0,0,0,1,0,1,0,0,0,0,0,0,0,0,0,0,0,0,0,0,0,0
M3G,0,0,1,0,0,0,0,0,0,0,0,0,0,0,0,0,0,0,0,0,0,0,0,0,0,0,0,0,0,0,0,0,0,0,0,0,0,0,0,0,0,0,0,0,0,0,0,0,0,0,0,0,0,0,0,0,0,0,0,0,0,0,0,0,0,0,0,0,0,0,0,0,0,0,0,0,0,0,0,0,0,0,0,0,0,0,0,0
M3H,94,35,7,3,1,11,18,5,290,6,1,2,0,34,13,8,30,2,24,18,4,5,151,1,0,21,3,1,160,7,244,9,5,0,168,1,2,1,103,0,3,4,0,0,1,6,44,0,0,3,6,1,0,2,2,71,0,0,0,0,0,0,1,0,0,0,0,0,0,0,2,1,1,0,0,0,0,0,0,3,1,0,0,0,0,0,0,0
M3J,96,17,13,2,2,32,25,7,716,3,0,9,0,42,4,4,17,2,9,12,7,5,98,8,4,19,5,3,1392,10,269,37,3,5,44,6,1,0,183,0,6,263,0,0,2,15,84,1,1,3,9,29,0,0,0,1,0,9,0,0,3,2,0,2,0,4,0,0,0,0,0,1,0,1,0,0,0,20,0,3,0,0,0,0,0,0,0,0
M3K,35,7,2,2,0,0,4,0,234,5,1,1,0,9,5,3,7,0,1,6,2,2,75,2,4,3,2,1,108,1,217,15,1,3,49,1,0,0,34,0,0,6,2,0,0,0,28,0,0,1,3,14,0,7,1,0,1,0,0,0,0,0,0,0,0,0,0,0,0,0,0,0,0,0,0,0,0,0,0,0,0,1,0,0,0,0,0,0
M3L,30,5,2,1,0,8,1,0,139,7,2,1,0,21,2,2,6,0,1,3,1,2,47,3,1,4,5,0,48,0,136,12,2,0,23,2,4,0,12,0,1,6,0,0,1,0,4,0,0,2,1,0,0,0,0,2,0,9,0,0,0,0,0,0,0,4,0,0,0,0,0,1,0,0,0,0,0,0,0,0,0,0,0,0,0,0,0,0
M3M,71,14,7,0,1,13,6,2,131,8,2,2,0,15,0,1,22,0,6,6,2,5,67,4,0,10,4,1,37,2,153,9,0,0,37,1,3,0,12,0,13,12,0,0,2,1,4,0,0,0,4,0,0,4,0,0,0,0,0,0,0,0,0,0,0,0,0,0,0,0,0,1,0,0,0,0,0,0,0,0,0,0,0,0,0,0,0,0
M3N,52,30,6,1,0,27,13,2,207,13,5,7,0,19,0,7,6,0,30,9,2,3,34,1,0,3,4,2,197,1,216,14,5,5,165,0,5,0,48,0,7,20,0,0,3,1,15,0,1,0,0,0,0,5,0,1,0,0,0,0,0,0,0,0,0,0,0,0,1,0,0,0,0,0,0,0,0,0,0,0,0,0,0,0,0,0,0,0
M3P,0,0,0,0,0,0,0,0,0,0,0,0,0,0,0,0,0,0,0,0,0,0,0,0,0,0,0,0,0,0,4,0,0,0,0,0,0,0,0,0,0,0,0,0,0,0,0,0,0,0,0,0,0,0,0,0,0,0,0,0,0,0,0,0,0,0,0,0,0,0,0,0,0,0,0,0,0,0,0,0,0,0,0,0,0,0,0,0
M3Y,0,0,0,0,0,0,0,0,0,0,0,0,0,0,0,0,0,0,0,0,0,0,0,0,0,0,0,0,0,0,1,0,0,0,0,0,0,0,0,0,0,0,0,0,0,0,0,0,0,0,0,0,0,0,0,0,0,0,0,0,0,0,0,0,0,0,0,0,0,0,0,0,0,0,0,0,0,0,0,0,0,0,0,0,0,0,0,0
M4A,29,12,0,1,2,9,8,3,103,7,0,6,0,5,2,7,6,0,2,8,0,1,22,3,5,6,1,0,82,9,84,11,0,3,56,0,0,0,36,1,5,262,0,2,0,7,5,0,1,1,1,2,0,0,0,0,0,5,0,0,0,0,0,0,0,0,0,0,0,0,0,0,0,0,0,0,0,0,0,0,0,0,0,0,0,0,0,0
M4B,104,16,0,3,0,14,1,0,209,3,0,3,0,47,7,8,17,2,6,9,0,0,83,1,2,14,1,1,55,2,210,3,0,0,48,1,0,0,5,0,1,30,3,1,0,2,18,0,1,0,0,0,0,2,2,0,1,0,0,0,1,0,0,0,0,0,0,0,0,0,7,0,0,0,0,0,1,0,0,0,0,0,0,0,0,0,0,0
M4C,154,24,10,1,4,43,16,2,573,8,2,5,0,46,15,7,21,1,6,40,4,3,193,9,1,20,6,1,110,11,515,72,4,0,83,1,5,6,15,0,11,2,0,1,0,4,36,0,3,1,12,0,0,2,0,0,1,9,0,0,1,0,0,0,0,0,2,1,1,0,29,1,0,0,0,1,37,0,0,0,0,0,0,0,0,0,0,0
M4E,85,7,0,2,1,1,0,2,315,5,0,1,0,37,1,1,5,1,4,7,0,0,127,3,0,3,0,0,84,0,209,20,5,1,19,0,0,2,5,3,0,0,0,0,0,0,4,0,0,3,0,0,0,3,2,0,2,0,0,0,0,0,0,0,0,0,0,0,0,0,24,0,0,0,0,0,7,0,0,0,0,0,0,0,0,0,0,0
M4G,66,10,11,0,0,1,2,0,297,0,0,4,0,21,1,8,7,0,2,5,0,0,134,2,4,11,1,4,80,0,191,22,5,2,12,2,0,7,32,0,0,1,0,0,0,4,17,1,1,3,0,0,0,2,0,0,2,0,0,0,0,1,0,0,0,0,0,1,0,0,4,0,0,0,0,0,1,0,0,0,0,0,0,0,0,0,0,0
M4H,27,9,7,0,0,46,1,1,100,4,21,0,0,10,16,1,2,0,1,6,0,2,23,0,3,1,3,1,11,6,111,6,0,0,89,2,0,0,7,0,13,30,3,0,2,0,1,0,0,0,0,0,0,0,2,0,0,3,0,0,0,0,0,0,0,0,0,0,1,0,0,0,0,0,0,0,0,0,0,0,0,0,0,0,0,0,0,0
M4J,121,5,1,2,2,17,11,0,642,8,3,4,0,26,0,8,21,6,19,21,3,3,136,16,2,12,2,2,22,2,395,39,7,4,92,0,1,9,3,2,1,6,1,1,1,7,19,0,1,3,8,0,0,0,0,14,0,0,0,0,0,0,0,0,0,0,1,0,2,0,130,1,0,0,0,0,22,0,0,1,0,0,12,0,0,0,0,0
M4K,105,12,7,1,1,12,10,2,621,9,1,3,0,47,2,8,14,0,2,35,3,3,177,0,2,8,5,0,60,10,434,16,2,0,78,0,1,10,6,1,0,5,0,0,0,1,20,0,3,1,2,0,0,1,1,0,0,0,0,0,0,0,0,0,0,0,0,0,0,0,167,1,0,0,0,0,60,0,0,0,0,0,11,0,0,0,0,0
M4L,121,4,1,1,0,5,3,1,594,4,2,3,2,39,5,6,7,12,20,12,3,1,94,6,1,7,10,2,112,12,351,36,8,0,43,1,1,6,0,5,3,12,2,0,0,1,6,0,4,3,1,0,0,0,0,10,4,0,0,0,0,5,0,0,0,0,0,2,1,0,47,0,0,0,0,0,41,0,0,0,0,0,0,0,0,0,0,0
M4M,78,5,5,1,0,10,6,8,702,8,0,4,0,19,1,5,11,0,6,8,1,1,174,3,3,10,2,0,191,3,393,78,4,0,16,4,1,12,5,4,1,24,0,1,0,4,19,1,0,0,3,0,0,0,0,1,4,0,0,0,0,4,0,2,0,0,2,0,1,0,37,1,0,0,0,0,23,0,0,0,0,0,1,0,0,0,0,0
M4N,27,5,7,0,0,2,2,0,239,0,0,3,0,26,0,4,3,0,0,0,0,0,108,1,0,2,0,1,6,0,109,18,1,0,4,0,1,8,12,0,0,8,0,0,0,2,28,0,1,1,0,0,0,0,0,0,1,0,0,0,0,0,0,0,0,0,0,0,0,0,29,0,0,0,0,0,16,0,0,0,0,0,0,0,0,0,0,0
M4P,13,5,40,0,0,6,8,0,461,0,1,3,0,17,9,1,5,2,3,5,2,1,155,2,0,4,4,8,6,0,285,21,3,0,15,0,0,19,3,2,0,0,0,0,0,7,32,0,2,0,2,0,0,0,0,0,3,0,0,0,0,0,0,0,0,1,1,0,0,0,73,5,0,0,0,0,17,12,1,0,0,0,0,0,0,0,0,0
M4R,18,3,6,0,0,1,2,34,74,2,0,1,0,1,0,1,1,0,0,0,0,0,18,0,0,2,0,0,0,1,30,0,0,0,3,0,0,1,0,0,1,0,0,0,0,2,8,0,0,0,0,0,0,0,0,0,0,0,0,0,0,0,0,0,0,0,0,0,0,0,2,0,0,0,0,0,0,0,0,0,0,0,0,0,0,0,0,0
M4S,29,11,45,0,0,4,2,0,415,0,0,3,1,25,17,5,4,0,1,15,0,0,99,2,0,6,1,0,14,0,199,31,2,0,21,0,0,10,1,3,1,0,0,0,0,5,41,0,0,0,0,0,0,0,2,0,0,0,0,0,0,0,0,2,0,0,0,0,0,0,58,1,0,0,0,0,13,1,0,0,0,0,0,0,0,0,0,0
M4T,14,0,9,0,0,0,1,0,275,2,0,0,0,19,1,0,0,0,0,0,0,0,103,1,0,0,0,1,0,0,101,8,3,0,0,0,0,10,0,0,0,0,0,0,0,0,12,0,0,1,0,0,0,0,0,0,0,0,0,0,0,0,0,0,0,0,0,0,0,0,16,2,0,0,0,0,5,0,1,0,0,0,0,0,0,0,0,0
M4V,22,7,9,1,0,1,0,0,95,1,0,0,0,5,0,3,1,1,3,4,0,0,19,0,1,1,0,3,7,2,41,2,4,0,42,0,0,3,0,0,0,0,0,0,0,0,5,0,0,3,0,0,0,0,0,0,0,0,0,0,0,0,0,0,0,0,0,0,0,0,3,0,0,0,0,1,0,7,0,0,0,0,0,0,0,0,0,0
M4W,13,1,35,2,0,0,1,0,439,1,0,0,0,13,2,0,6,1,1,0,0,0,109,2,0,4,4,1,22,2,313,19,22,1,9,0,0,12,0,2,0,0,0,0,0,11,11,0,3,0,0,0,0,2,0,0,0,0,0,0,0,0,0,0,0,1,0,0,0,0,10,7,0,1,0,0,9,0,0,0,0,0,0,1,0,0,0,0
M4X,12,0,9,0,0,5,3,0,195,9,5,0,0,16,4,0,3,2,3,10,1,0,29,7,0,2,0,0,4,1,157,3,1,0,73,0,0,0,0,0,11,0,0,0,0,0,0,0,0,1,0,0,0,0,0,0,3,0,0,0,0,0,0,0,1,2,0,0,0,0,15,0,0,0,0,0,13,0,1,0,0,0,0,0,0,0,0,0
M4Y,17,6,52,0,0,7,3,0,856,2,1,0,0,27,6,0,3,0,3,10,6,10,169,15,0,3,11,4,8,2,318,30,9,0,12,0,0,18,0,1,4,0,0,0,0,3,92,0,6,2,0,0,0,0,0,0,3,0,0,0,0,0,0,4,1,0,0,0,0,0,49,1,0,0,0,0,3,0,1,0,6,0,1,0,0,0,0,0
M5A,43,2,78,0,0,20,2,0,777,16,3,1,1,64,12,2,5,2,2,18,4,1,152,8,0,4,2,2,173,21,484,30,6,6,137,0,1,13,0,1,23,71,0,0,0,16,13,0,1,10,2,0,0,0,4,0,0,0,0,0,1,1,0,1,0,3,3,0,0,0,28,3,0,0,0,0,4,11,0,0,0,0,10,0,0,0,0,0
M5B,6,1,76,0,0,0,0,1,699,3,0,1,0,11,18,0,2,0,0,6,10,3,126,7,0,0,30,1,9,7,494,92,7,0,23,0,0,10,3,5,0,1,0,0,0,12,8,0,1,2,7,0,0,0,3,0,0,0,0,0,0,0,0,4,0,0,0,0,0,0,21,10,0,0,0,0,2,0,1,0,4,0,23,0,0,0,0,0
M5C,7,0,32,0,0,0,0,0,307,0,0,0,0,14,0,0,0,0,1,1,7,0,70,1,0,0,1,2,10,3,177,32,12,0,4,0,0,1,0,0,0,0,0,0,0,2,9,0,0,0,0,0,0,0,0,0,0,0,0,0,0,0,0,0,0,2,0,0,0,0,9,3,0,0,0,0,1,0,0,0,0,0,0,0,0,0,0,0
M5E,8,2,37,0,0,0,0,0,280,1,0,0,0,11,0,0,0,0,2,0,0,0,24,0,0,0,0,3,8,1,187,2,5,0,4,0,0,2,0,1,3,0,0,0,0,0,0,0,1,0,0,0,0,0,0,0,0,0,0,0,0,0,0,0,0,0,0,0,0,0,38,1,0,0,0,0,3,3,0,0,0,0,0,0,0,0,0,0
M5G,1,2,63,0,0,0,0,0,591,1,1,0,0,26,1,0,0,4,3,0,0,0,57,3,0,0,0,3,7,1,323,5,12,1,10,1,0,9,0,0,0,0,0,0,0,7,22,0,1,0,0,0,0,0,0,0,0,0,1,0,0,0,0,0,0,0,0,0,0,0,26,16,1,0,0,0,2,0,0,1,0,0,0,3,0,0,0,0
M5H,3,0,43,0,0,0,0,0,542,0,0,0,0,18,4,0,0,0,0,1,0,0,53,0,1,1,0,2,7,4,254,0,19,0,3,0,0,4,0,0,0,0,0,0,0,1,5,0,0,0,0,0,0,0,2,0,0,0,0,0,0,0,0,0,0,23,0,0,0,0,18,18,0,0,0,0,0,10,0,0,0,0,0,7,5,0,0,0
M5J,7,1,68,0,0,1,0,0,459,1,0,0,0,17,0,0,0,0,0,0,0,0,51,2,0,0,0,7,5,2,311,0,8,0,3,0,0,1,0,0,1,0,0,0,0,16,0,0,2,2,0,0,1,0,0,0,0,0,0,0,0,0,0,0,1,0,0,0,0,0,3,20,0,0,0,0,0,1,0,0,0,0,0,3,0,2,2,0
M5K,0,0,3,0,0,0,0,0,82,0,0,0,0,1,0,0,0,0,0,0,0,0,10,0,0,0,0,0,0,1,62,1,4,0,0,0,0,0,0,0,0,0,0,0,0,0,0,0,0,0,0,0,0,0,0,0,0,0,0,0,0,0,0,0,0,0,0,0,0,0,0,1,0,0,0,0,0,0,0,0,0,0,0,1,0,0,0,0
M5L,0,0,0,0,0,0,0,0,63,0,0,0,0,1,0,0,0,0,0,0,0,0,8,0,0,0,0,0,0,0,52,1,2,0,0,0,0,0,0,0,0,0,0,0,0,0,0,0,0,0,0,0,0,0,0,0,0,0,0,0,0,0,0,0,0,0,0,0,0,0,0,3,0,1,0,0,0,0,0,0,0,0,0,2,0,0,0,0
M5M,48,9,4,0,1,4,1,0,175,0,0,3,0,16,1,4,5,0,3,4,0,0,78,1,2,4,1,1,20,0,108,13,5,0,60,0,1,3,0,0,0,2,0,0,0,1,9,0,0,1,1,0,0,0,0,0,1,0,0,0,0,0,0,0,0,0,0,0,1,0,5,0,0,0,0,0,1,0,0,0,0,0,1,0,0,0,0,0
M5N,33,5,4,0,0,4,1,0,74,3,1,1,0,10,0,2,2,0,1,0,2,0,60,1,0,1,1,0,0,1,45,14,0,0,17,0,2,4,0,1,0,0,0,0,0,0,28,0,0,0,1,0,0,1,0,0,0,0,0,0,0,0,0,0,0,0,1,0,0,0,10,0,0,0,0,0,6,0,0,0,0,0,0,0,0,0,0,0
M5P,20,7,3,1,0,1,0,0,58,2,0,0,0,5,0,1,4,2,1,3,0,0,25,0,1,4,0,0,30,0,47,1,0,0,47,0,0,1,10,0,0,0,0,0,0,0,9,0,0,0,0,0,0,1,0,0,0,0,0,0,0,0,0,0,0,0,0,0,0,0,10,0,0,1,0,0,3,0,0,0,0,0,0,0,0,0,0,0
M5R,33,0,40,0,0,4,2,0,500,9,3,3,0,30,2,4,9,0,2,8,2,0,328,1,1,2,6,2,41,5,230,34,11,0,103,0,0,6,0,3,0,0,0,0,0,10,33,0,1,7,0,0,0,0,0,0,0,0,0,0,0,0,0,0,0,1,0,0,0,0,24,6,0,0,0,1,4,20,1,0,0,1,1,0,0,0,0,0
M5S,10,4,37,0,0,1,2,1,799,2,0,0,0,25,2,1,0,5,2,4,1,1,80,9,0,0,1,6,13,3,292,21,8,0,7,0,0,12,0,4,0,0,0,0,0,1,22,0,1,3,4,0,0,0,0,0,0,0,0,0,0,0,0,0,0,2,0,0,0,0,75,15,0,0,0,0,11,0,1,0,0,0,0,8,0,0,0,0
M5T,26,2,76,0,2,6,17,0,1452,18,0,0,0,21,3,0,0,4,9,11,0,1,250,20,1,0,4,1,16,3,838,94,31,0,19,6,3,25,1,1,0,0,0,0,0,7,75,0,3,1,7,0,0,0,2,0,3,0,0,0,0,0,0,0,0,2,6,0,1,0,171,7,0,0,0,0,159,0,0,0,3,0,79,1,0,0,0,0
M5V,23,4,214,1,1,9,0,0,1634,6,0,0,0,40,6,0,5,9,14,11,0,0,206,10,0,1,0,2,58,16,498,49,13,5,29,0,1,37,0,3,0,14,1,0,0,14,21,0,7,4,8,0,0,0,2,0,1,0,0,0,0,1,0,1,2,88,0,0,0,0,197,34,0,1,0,0,9,6,0,0,1,0,61,6,20,0,0,0
M5W,1,0,0,0,0,0,0,0,0,0,0,0,0,0,0,0,0,0,0,0,0,0,0,0,0,0,0,0,0,0,0,0,0,0,0,0,0,0,0,0,0,0,0,0,0,0,0,0,0,0,0,0,0,0,0,0,0,0,0,0,0,0,0,0,0,0,0,0,0,0,0,0,0,0,0,0,0,0,0,0,0,0,0,0,0,0,0,0
M5X,4,0,3,0,0,0,0,0,92,0,0,0,0,1,0,0,0,0,0,0,0,0,18,0,0,0,2,0,0,0,105,3,5,0,1,0,0,0,0,0,0,0,0,0,0,0,0,0,0,0,0,0,0,0,0,0,0,0,0,0,0,0,0,0,0,0,0,0,0,0,0,1,0,0,0,0,0,0,0,0,0,0,0,0,0,0,0,0
M5Y,0,0,0,0,0,0,0,0,0,0,0,0,0,0,0,0,0,0,0,1,0,0,0,0,0,0,0,0,0,0,2,0,0,0,0,0,0,0,0,0,0,0,0,0,0,0,0,0,0,0,0,0,0,0,0,0,0,0,0,0,0,0,0,0,0,0,0,0,0,0,0,0,0,0,0,0,0,0,0,0,0,0,0,0,0,0,0,0
M5Z,0,0,0,0,0,0,0,0,0,0,0,0,0,0,0,0,0,0,0,0,0,0,0,0,0,0,0,0,1,0,0,0,0,0,0,0,0,0,0,0,0,0,0,0,0,0,0,0,0,0,0,0,0,0,0,0,0,0,0,0,0,0,0,0,0,0,0,0,0,0,0,0,0,0,0,0,0,0,0,0,0,0,0,0,0,0,0,0
M6A,32,15,16,1,2,10,17,3,387,1,1,9,1,29,2,7,6,1,3,12,3,5,150,3,1,7,9,2,172,0,334,27,8,0,108,11,4,0,103,2,5,46,1,0,1,24,37,1,2,0,2,3,0,0,0,0,9,0,0,0,0,0,2,0,0,0,0,0,0,0,0,12,0,0,0,0,0,10,0,0,0,0,0,0,0,0,0,0
M6B,90,23,6,4,0,15,3,0,205,7,4,10,0,26,2,9,12,1,4,11,2,0,76,5,4,12,5,2,167,2,196,15,0,0,63,2,1,0,33,0,3,3,3,0,0,4,36,0,0,2,8,0,0,6,2,7,2,0,0,0,0,0,2,0,0,0,0,0,0,0,1,0,0,0,0,0,0,0,0,0,0,0,4,0,0,0,0,0
M6C,58,20,5,0,0,4,2,0,426,8,0,1,0,44,3,3,10,7,23,7,0,2,135,6,1,12,3,0,32,3,296,24,11,0,27,0,0,1,0,0,0,4,0,0,1,1,55,0,0,1,5,0,0,0,2,27,0,0,0,0,0,0,0,0,0,0,0,0,0,0,49,3,0,0,0,0,19,0,0,0,0,0,0,0,0,0,0,0
M6E,127,13,1,11,4,16,24,2,745,9,3,8,0,61,4,9,25,15,13,5,8,6,356,5,4,21,7,3,78,3,629,64,5,0,41,0,6,1,5,0,2,37,0,0,0,0,45,0,2,0,13,0,0,4,0,0,2,0,0,0,0,0,0,1,0,0,1,1,0,0,52,1,0,0,0,0,40,0,0,0,0,0,0,0,0,0,0,0
M6G,76,4,10,2,0,13,4,1,1098,12,2,1,0,49,1,5,15,2,10,18,0,0,197,21,2,13,2,0,38,5,412,34,5,1,29,0,0,3,3,3,4,8,0,0,2,0,56,0,3,2,13,0,0,2,0,10,2,0,0,0,0,0,0,0,0,2,7,0,0,0,172,4,0,0,0,0,27,0,0,0,0,0,4,1,0,0,0,0
M6H,124,5,4,6,0,16,12,6,729,10,2,7,0,63,1,9,17,7,20,17,7,3,221,12,3,16,12,1,151,2,673,82,11,1,49,3,9,4,7,1,2,25,0,1,1,4,21,0,1,0,11,0,0,1,1,12,4,0,0,0,0,0,0,4,0,0,1,0,0,0,61,1,0,0,0,0,29,0,0,0,0,0,55,0,0,0,0,0
M6J,50,3,18,4,0,15,2,0,988,9,3,4,1,46,2,3,7,1,5,9,2,2,191,7,0,6,3,0,66,8,395,60,9,0,27,0,1,15,0,0,0,5,0,0,0,4,5,0,7,2,13,0,0,2,1,0,1,0,0,0,0,0,0,7,0,0,2,0,0,0,93,0,0,0,0,0,26,0,0,0,0,0,1,0,0,0,0,0
M6K,64,5,39,1,0,18,9,1,593,12,1,1,0,40,1,3,12,6,5,31,2,1,124,10,1,9,3,0,36,12,371,25,13,1,46,0,1,7,3,0,4,58,0,0,1,2,1,0,3,2,1,0,0,2,1,0,2,0,0,0,0,0,0,0,0,3,1,0,0,0,22,2,0,0,0,0,10,0,0,0,1,0,0,0,0,0,0,2
M6L,65,3,0,4,0,9,1,0,48,0,2,1,0,14,3,8,16,0,4,11,0,1,29,0,0,16,0,0,9,0,79,1,0,0,38,14,5,0,19,0,3,4,2,0,1,0,1,0,0,0,2,0,0,1,4,0,0,0,0,0,0,0,0,0,0,0,0,0,0,0,0,0,0,0,0,0,0,0,0,0,0,0,0,0,0,0,0,0
M6M,139,18,7,7,3,27,8,4,337,16,3,7,0,43,27,9,29,1,15,12,3,2,179,0,3,24,3,2,271,7,381,22,6,0,87,3,9,0,20,0,8,34,0,0,1,5,16,0,1,0,4,7,0,8,2,20,6,0,0,0,7,3,0,0,0,0,0,1,0,0,3,0,0,0,0,0,0,0,0,0,0,0,0,0,0,0,0,0
M6N,125,13,2,8,0,20,10,1,433,11,3,8,0,54,4,14,12,5,7,13,1,5,164,4,4,17,7,1,509,13,407,50,1,1,75,6,3,1,51,0,8,152,2,1,5,10,15,0,2,1,1,0,0,12,1,3,4,1,0,0,1,15,0,0,0,0,0,1,0,0,13,0,0,0,0,0,11,0,0,0,0,0,16,0,0,0,0,0
M6P,82,11,13,1,0,14,7,0,576,9,0,4,0,43,2,5,13,1,12,11,8,2,152,5,2,15,2,0,175,8,354,61,1,1,28,0,1,1,0,0,4,13,0,0,2,10,29,0,0,1,2,0,0,0,0,0,1,0,0,0,0,1,0,0,0,1,2,0,0,0,74,0,0,0,0,0,16,10,0,0,0,0,0,0,0,0,0,0
M6R,51,0,4,1,0,5,5,1,472,4,0,0,1,36,0,0,4,0,1,6,1,1,106,2,1,0,2,1,97,0,322,52,0,3,21,0,2,15,1,1,1,2,0,0,0,2,5,0,1,2,0,0,0,1,0,0,0,0,0,0,0,1,0,0,0,0,0,0,0,0,33,0,0,0,0,0,19,0,0,0,0,0,0,0,0,0,0,0
M6S,85,13,7,1,0,4,3,0,337,1,0,6,0,38,1,7,25,1,4,5,1,0,146,1,4,18,1,0,78,9,290,23,3,0,36,0,0,22,10,3,1,1,0,0,0,4,21,0,0,1,2,2,0,1,1,1,4,0,0,0,0,2,0,0,0,0,2,0,0,0,59,0,0,0,0,0,37,0,1,0,0,1,0,0,0,0,0,0
M6V,0,0,0,0,0,0,0,0,0,0,0,0,0,0,0,0,0,0,0,0,0,0,0,0,0,0,0,0,0,0,0,0,0,0,0,0,0,0,2,0,0,0,0,0,0,0,0,0,0,0,0,0,0,0,0,0,0,0,0,0,0,0,0,0,0,0,0,0,0,0,0,0,0,0,0,0,0,0,0,0,0,0,0,0,0,0,0,0
M6W,0,0,0,0,0,0,0,0,0,0,0,0,0,0,0,0,0,0,0,0,0,0,0,0,0,0,0,0,0,0,1,0,0,0,0,0,0,0,0,0,0,0,0,0,0,0,0,0,0,0,0,0,0,0,0,0,0,0,0,0,0,0,0,0,0,0,0,0,0,0,0,0,0,0,0,0,0,0,0,0,0,0,0,0,0,0,0,0
M7A,0,0,9,0,0,0,0,0,10,0,0,0,0,0,0,0,0,0,0,0,0,0,0,0,0,0,0,0,0,0,4,0,0,0,0,0,0,0,0,0,0,0,0,0,0,0,0,0,0,0,0,0,0,0,0,0,0,0,0,0,0,0,0,0,0,0,0,0,0,0,0,2,0,0,0,0,0,0,0,0,0,0,0,1,0,0,0,0
M7B,0,0,0,0,0,0,0,0,1,0,0,0,0,0,0,0,0,0,0,0,0,0,0,0,0,0,0,0,0,0,0,0,0,0,0,0,0,0,0,0,0,0,0,0,0,0,0,0,0,0,0,0,0,0,0,0,0,0,0,0,0,0,0,0,0,0,0,0,0,0,0,0,0,0,0,0,0,0,0,0,0,0,0,0,0,0,0,0
M8E,0,0,0,0,0,0,0,0,0,0,0,0,0,0,0,0,0,0,0,0,0,0,1,0,0,0,0,0,0,0,1,0,0,0,0,0,0,0,0,0,0,0,0,0,0,0,0,0,0,0,0,0,0,0,0,0,0,0,0,0,0,0,0,0,0,0,0,0,0,0,0,0,0,0,0,0,0,0,0,0,0,0,0,0,0,0,0,0
M8H,0,0,0,0,0,0,0,0,0,0,0,0,0,0,0,0,0,0,0,0,0,0,0,0,0,0,0,0,0,0,4,0,0,0,0,0,0,0,0,0,0,0,0,0,0,0,0,0,0,0,0,0,0,0,0,0,0,0,0,0,0,0,0,0,0,0,0,0,0,0,0,0,0,0,0,0,0,0,0,0,0,0,0,0,0,0,0,0
M8K,0,0,0,0,0,0,0,0,0,0,0,0,0,0,0,0,0,0,0,0,0,0,1,0,0,0,0,0,0,0,1,0,0,0,0,0,0,0,0,0,0,0,0,0,0,0,0,0,0,0,0,0,0,0,0,0,0,0,0,0,0,0,0,0,0,0,0,0,0,0,0,0,0,0,0,0,0,0,0,0,0,0,0,0,0,0,0,0
M8V,77,20,5,4,2,11,3,0,385,5,0,2,0,33,3,3,10,3,5,20,5,2,135,3,0,15,4,0,97,10,341,25,1,1,33,0,1,2,7,0,6,4,0,0,0,1,9,0,4,1,6,0,0,2,0,0,0,1,0,0,0,0,0,3,0,1,0,0,0,0,1,0,0,0,0,1,0,5,0,1,0,0,0,0,0,1,0,0
M8W,75,18,1,3,1,7,4,0,249,1,0,2,0,25,111,10,20,0,6,3,3,2,75,1,2,11,4,0,160,4,177,19,1,0,21,0,0,1,20,0,0,38,0,1,0,3,17,0,1,1,2,7,0,2,5,0,0,0,0,0,0,0,0,7,0,0,0,0,0,0,7,0,0,0,0,0,0,0,0,0,0,0,0,0,0,0,0,0
M8X,30,5,13,0,0,2,2,1,219,1,1,0,0,10,1,2,3,0,1,9,0,0,96,0,1,1,1,0,26,1,144,3,3,1,15,0,0,13,12,3,0,2,0,0,0,3,2,0,1,0,3,0,0,1,1,0,0,0,0,0,0,0,0,0,0,0,0,0,0,0,10,0,0,0,0,0,1,0,0,0,0,0,0,0,0,0,0,0
M8Y,65,5,0,4,1,8,1,0,153,2,1,0,0,17,6,1,31,1,13,14,0,0,69,1,1,30,1,2,69,0,129,4,0,0,6,0,0,2,31,0,0,9,0,0,0,0,18,0,2,0,0,1,0,4,0,9,0,0,0,0,0,0,0,2,0,0,4,0,0,0,1,0,0,0,0,0,0,5,0,0,0,0,0,0,0,0,0,0
M8Z,120,23,6,2,1,2,1,0,353,1,0,11,0,9,54,6,22,4,6,21,4,3,70,3,9,34,4,3,570,9,192,29,3,4,216,22,5,3,134,2,1,226,0,0,0,18,33,13,0,0,0,9,0,8,6,0,0,11,0,0,0,3,5,6,0,0,0,0,3,0,0,0,0,1,0,0,0,0,0,2,0,0,0,0,0,0,0,0
M9A,69,12,8,6,1,13,10,0,156,1,0,5,0,11,4,19,24,1,4,2,1,0,87,3,0,17,1,1,8,0,139,3,1,1,36,0,2,1,18,0,2,1,0,0,0,0,10,0,1,1,0,0,0,9,0,7,0,0,0,0,0,0,0,0,0,0,0,1,0,0,3,0,0,0,0,0,1,10,0,0,0,0,0,0,0,0,0,0
M9B,76,10,17,6,0,17,5,0,236,1,2,6,0,9,8,9,29,1,3,9,1,2,63,0,1,20,6,0,88,0,201,10,4,0,53,9,2,0,67,0,2,4,2,0,0,14,22,1,1,0,0,0,0,10,1,0,2,0,0,0,0,0,2,0,0,0,2,0,0,0,1,0,0,0,0,0,0,8,0,0,0,0,0,0,0,0,0,0
M9C,75,13,16,2,0,6,4,1,336,3,0,5,0,15,11,15,40,4,15,6,2,2,159,7,2,36,4,3,62,3,273,16,5,0,37,3,3,0,133,0,2,117,1,0,0,0,0,0,0,0,0,0,0,5,1,3,3,2,0,0,0,0,0,0,0,0,0,0,0,0,1,0,0,0,0,0,0,12,0,0,0,0,0,0,0,0,0,0
M9L,70,6,0,0,2,14,14,7,224,7,1,21,2,13,5,3,6,0,57,3,0,0,50,0,4,22,1,2,874,23,155,22,0,0,36,0,0,1,25,0,2,136,0,0,0,23,29,0,1,0,2,12,0,5,1,0,1,0,0,0,7,8,0,0,0,0,0,0,1,0,0,1,0,0,0,0,0,0,0,0,0,0,0,0,0,0,0,0
M9M,52,8,0,1,3,20,7,4,267,28,1,3,0,23,17,6,12,2,16,9,1,2,88,1,0,12,5,2,315,11,174,17,2,3,39,0,0,0,29,0,6,150,0,0,0,11,14,0,1,0,4,10,0,0,0,11,0,0,0,0,0,0,0,2,0,2,0,0,2,0,0,0,0,0,0,1,0,0,0,0,0,0,0,0,0,0,0,0
M9N,61,15,15,1,1,16,16,7,394,6,2,5,0,46,1,8,19,1,34,4,2,10,200,1,3,14,7,0,202,5,378,26,0,3,61,0,6,0,54,0,9,7,0,1,1,6,12,0,2,1,0,0,0,3,0,0,4,0,0,0,2,0,1,0,0,0,0,0,0,2,0,0,0,1,0,0,0,0,0,0,0,0,0,0,0,0,0,0
M9P,50,9,4,5,0,12,7,0,85,2,3,0,0,13,4,6,15,0,14,5,0,1,45,2,0,14,1,0,19,0,106,1,0,0,31,0,1,0,42,0,5,6,1,0,1,0,0,0,0,1,0,0,0,6,0,24,0,0,0,0,0,0,0,0,0,0,1,1,0,0,0,0,0,0,0,0,0,0,0,0,0,0,0,0,0,0,0,0
M9R,53,21,10,1,1,27,0,3,75,10,2,5,0,13,9,8,24,3,7,8,0,1,28,0,0,14,0,1,17,0,84,3,0,0,80,0,0,1,48,0,11,10,0,0,1,0,1,0,1,1,0,0,0,1,2,1,0,0,0,0,0,0,0,0,0,0,1,1,0,0,0,0,0,0,0,0,0,0,0,0,0,0,0,0,0,0,0,0
M9V,62,29,17,1,2,99,24,6,390,29,3,6,0,38,21,5,16,0,8,16,3,10,150,0,4,15,15,0,135,12,452,22,4,2,101,12,10,1,132,3,18,56,0,0,2,1,16,4,2,0,2,0,0,3,3,0,11,10,0,0,0,0,2,3,0,0,0,0,0,1,0,0,0,0,0,0,0,0,0,0,0,0,0,0,0,0,0,0
M9W,107,15,49,2,2,39,12,5,760,10,0,18,2,23,39,19,32,0,14,9,4,7,101,11,19,33,13,5,797,37,369,20,12,6,178,49,10,1,226,2,13,277,3,0,0,35,18,5,4,0,0,19,3,4,4,0,1,1,0,0,2,0,11,6,0,0,0,0,2,0,0,0,0,0,2,0,0,0,0,0,0,0,0,0,0,0,0,0
M9X,0,0,0,0,0,0,0,0,1,0,0,0,0,0,0,0,0,0,0,0,0,0,0,0,0,0,0,0,0,0,2,0,0,0,0,0,0,0,0,0,0,0,0,0,0,0,0,0,0,0,0,0,0,0,0,0,0,0,0,0,0,0,0,0,0,0,0,0,0,0,0,0,0,0,0,0,0,0,0,0,0,0,0,0,0,0,0,0
